<beans xmlns="http://www.springframework.org/schema/beans"
    xmlns:xsi="http://www.w3.org/2001/XMLSchema-instance" xmlns:context="http://www.springframework.org/schema/context"
    xsi:schemaLocation="http://www.springframework.org/schema/beans
     http://www.springframework.org/schema/beans/spring-beans-4.0.xsd
     http://www.springframework.org/schema/context
     http://www.springframework.org/schema/context/spring-context-4.0.xsd">
    
    <context:component-scan base-package="com.cg.anno" /> 
    <bean id="sbu" class="com.cg.demo.SBU"/>
 <bean id="emp" class="com.cg.demo.Employee" autowire="byType">
	  <property name="employeeId" value="${id}"/>
	   <property name="employeeName" value="${name}"/>
	   <property name="employeeName" ref="sbu"/>
	   <property name="age" value="${age}">
	  <list >
	   <bean class="com.cg.demo.Address">
	    <property name="addressLine" value="Hinjewadi"/>
		 <property name="city" value="Pune"/>
	   </bean>
	   <bean class="com.cg.demo.Address">
	    <property name="addressLine" value="Airoli"/>
		 <property name="city" value="Mumbai"/> 
		 </bean>
	  </list>
	  </property>
      </bean>
     </beans>
